{"options":[],"events":[],"methods":[{"name":"NoConflict","description":"Resolves plugin namespace conflicts","examples":["Formstone.NoConflict();"]},{"name":"Plugin","description":"Builds a plugin and registers it with jQuery.","params":[{"name":"namespace","type":"string","description":"Plugin namespace"},{"name":"settings","type":"object","description":"Plugin settings"}],"return":{"type":"object","description":"Plugin properties. Includes `defaults`, `classes`, `events`, `functions`, `methods` and `utilities` keys"},"examples":["Formstone.Plugin(\"namespace\", { ... });"]},{"name":"Ready","description":"Replacement for jQuery ready","params":[{"name":"e","type":"object","description":"Event data"}]}],"name":"Core","description":"Formstone Library core. Required for all plugins.","use":"### Formstone Object\n\nThe Formstone core is a dependency of all JavaScript based components and will contain a few global values, as well as a simple plugin factory. The global Formstone object has access to the following keys:\n\n| Key | Type | Description |\n| --- | --- | --- |\n| `$window` | `object` | Reference to jQuery wrapped window |\n| `window` | `object` | Reference to original window |\n| `$document` | `object` | Reference to jQuery wrapped document |\n| `document` | `object` | Reference to original document |\n| `$body` | `object` | Reference to jQuery wrapped body tag |\n| `Plugins` | `object` | Contains all registered plugins |\n| `Version` | `string` | Current version number |\n| `support.file` | `boolean` | File API support |\n| `support.history` | `boolean` | History API support, including push and pop state |\n| `support.matchMedia` | `boolean` | Match Media API support |\n| `support.nativeMatchMedia` | `boolean` | Native Match Media API support (no polyfill, requires feature test classing) |\n| `support.raf` | `boolean` | Request Animation Frame API support |\n| `support.touch` | `boolean` | Touch event support |\n| `support.transition` | `boolean` | CSS3 Transition support |\n| `userAgent` | `string` | Raw user string |\n| `isChrome` | `boolean` | Browser is Chrome |\n| `isFirefox` | `boolean` | Browser is FireFox |\n| `isSafari` | `boolean` | Browser is Safari |\n| `isMobile` | `boolean` | Browser is Mobile |\n| `isFirefoxMobile` | `boolean` | Browser is FireFox Mobile |\n| `transform` | `string` | Prefixed transform property |\n| `transition` | `string` | Prefixed transition property |\n| `windowWidth` | `int` | Current window width |\n| `windowHeight` | `int` | Current window height |\n| `fallbackWidth` | `int` | Match Media fallback width |\n\nUser agent sniffing isn't always reliable or considered best practice - it should be used sparingly, if at all.\n\n### Plugin Factory\n\nThe `Formstone.Plugin` factory function is used to define a plugin. The factory will use the provided namespace to register the plugin with jQuery. The plugin is then available like any other:\n\n```javascript\n$(\".target\").plugin({\n  option: value\n});\n```\n\n#### AMD Support\n\nPlugins should remain compatible with module loaders like [RequireJS](http://requirejs.org/) or [webpack](https://webpack.github.io/):\n\n```javascript\n(function(factory) {\n  if (typeof define === \"function\" && define.amd) {\n    define([\n      \"jquery\",\n      \"./core\",\n      \"./dependency\",\n    ], factory);\n  } else {\n    factory(jQuery, Formstone);\n  }\n}(function($, Formstone) {\n\n  // Plugin\n\n})\n\n);\n```\n\n### Plugin Types\n\nThere are two types of plugins that can be defined: Widget or Utility.\n\n#### Widget\n\nWidget plugins are implicitly tied to an element to enhance or change the interface. Examples of Widgets include input enhancements like Checkbox or Dropdown. A simple Widget might look like:\n\n```javascript\n/* global define */\n\n(function(factory) {\n  if (typeof define === \"function\" && define.amd) {\n    define([\n      \"jquery\",\n      \"./core\",\n      \"./dependency\",\n    ], factory);\n  } else {\n    factory(jQuery, Formstone);\n  }\n}(function($, Formstone) {\n\n  \"use strict\";\n\n  function setup() {\n    // this = document\n  }\n\n  function construct(data) {\n    // this = jQuery wrapped target element\n    // data = instance data\n  }\n\n  function destruct(data) {\n    // this = jQuery wrapped target element\n    // data = instance data\n  }\n\n  function reset(data) {\n    // this = jQuery wrapped target element\n    // data = instance data\n  }\n\n  // Register Plugin\n\n  var Plugin = Formstone.Plugin(\"namespace\", {\n      widget: true,\n      defaults: {\n        option:    value\n      },\n      classes: [\n        \"visible\"\n      ],\n      methods: {\n        _construct     : construct,\n        _postConstruct : construct,\n        _destruct      : destruct,\n        _resize        : resize,\n        _raf           : raf,\n\n        reset          : reset\n      },\n      utilities: {\n        close:         close\n      }\n    }),\n\n    // Localize References\n\n    Classes      = Plugin.classes,\n    Events       = Plugin.events,\n    Functions    = Plugin.functions;\n\n  Formstone.Ready(setup);\n\n})\n\n);\n```\n\nAs in the example above, Widgets can override the following internal methods by pointing a key to the corresponding local function:\n\n| Method | Description |\n| --- | --- |\n| `_construct` | Run at initialization of each instance, scoped to specific instance |\n| `_postConstruct` | Run after initialization of current instance set, scoped to specific instance |\n| `_destruct` | Run at destruction of each instance, scoped to specific instance |\n| `_resize` | Run on window resize, scoped to window |\n| `_raf` | Run on request animation frame, scoped to window |\n\nWhen an instance is created or destroyed, the factory will automatically add or remove the instance's localized plugin data. This data is available as the first argument in any public method call, or by using the namespace to query for the data:\n\n```javascript\nthis.data(\"namespace\");\n```\n\nCustom public methods can also be defined, provided their keys are not prefixed with an underscore (`_`). The underscore signifies a core method and should be avoided when defining public methods. The factory will scope any public method call to the target instance, as well as provide it's plugin data as the first argument followed by any additional arguments:\n\n```javascript\n$(\".target\").namespace(\"reset\", 500);\n```\n\nA Widget can also operate as a singleton, like Lightbox or Tooltip. In this case, events are bound to the instance's target element, while DOM manipulations are tied to a single internal instance. This helps prevent unwanted duplication when the interface pattern calls for a single instance.\n\n#### Utility\n\nUtility plugins may interact with DOM nodes but are not necessarily tied to any specific elements. An example of a Utility is the media query event abstraction provided by Media Query. A simple Utility plugin might look like:\n\n```javascript\n/* global define */\n\n(function(factory) {\n  if (typeof define === \"function\" && define.amd) {\n    define([\n      \"jquery\",\n      \"./core\"\n    ], factory);\n  } else {\n    factory(jQuery, Formstone);\n  }\n}(function($, Formstone) {\n\n  \"use strict\";\n\n  function delegate() {\n    // Manually handle public methods\n  }\n\n  // Register Plugin\n\n  var Plugin = Formstone.Plugin(\"namespace\", {\n      utilties: {\n        _delegate:     delegate\n      }\n    }),\n\n    // Internal Defaults\n\n    Defaults = {\n      option    : value\n    },\n\n    // Localize References\n\n    Document = Formstone.$document[0];\n\n})\n\n);\n```\n\nA utility can override the default method delegation by pointing the `_delegate` key to a custom function. The delegate function will need to manually handle any arguments passed. Otherwise, Utilities will use the same public method delegation system as Widgets.\n\n```javascript\n$.namespace(\"reset\", 500);\n```\n\n### Plugin Object\n\nDefining a plugin using the factory will return an object containing the follow keys:\n\n| Key | Type | Description |\n| --- | --- | --- |\n| `namespace` | `string` | plugin namespace |\n| `initialized` | `boolean` | initialized state |\n| `defaults` | `object` | default options extended with initialization and local options |\n| `functions` | `object` | private utility functions |\n| `methods` | `object` | public methods |\n| `utilities` | `object` | public utility methods |\n| `classes` | `object` | namespaced classes strings |\n| `events` | `object` | namespaced event strings |\n\nThese values can then be localized in the scope of the plugin for optimal minimization:\n\n```javascript\nvar Plugin = Formstone.Plugin(“namespace”, {\n    ...\n  }),\n  Defaults     = Plugin.defaults,\n  Functions    = Plugin.functions,\n  Methods      = Plugin.methods,\n  Utilities    = Plugin.utilities,\n  Classes      = Plugin.classes,\n  Events       = Plugin.events;\n```\n\nThis may seem strangely redundant at first, however multi-dimensional objects do not minimize efficiently. This is also one reason standard prototypal inheritance is not used when building a plugin, however this is not to say a specific plugin could not contain locally scoped prototypes. Plugin design is always up to the developer, the factory simply provides a consistent, DRY approach to the basic plugin pattern.\n\n#### Classes\n\nThe `classes` object returned when defining a plugin will contain properly namespaced strings of both default and custom classes. Custom classes will become object keys, while the namespaced class will become the value:\n\n```javascript\nvar Plugin = Formstone.Plugin(“namespace”, {\n  ...\n  classes: [\n    \"visible\",\n    \"content\"\n  ],\n  ...\n});\n```\n\n```javascript\nvar $element = $(Classes.content);\n```\n\n| Key | Type | Value |\n| --- | --- | --- |\n| `base` | Default | `.namespace` |\n| `element` | Default | `.namespace-element` |\n| `visible` | Custom | `.namespace-visible` |\n| `content` | Custom | `.namespace-content` |\n\nThe `classes.raw` key will contain just the namespaced class without the leading '.', useful for building html:\n\n```javascript\nhtml += '<div class=\"' + Classes.raw.content + '\">';\n```\n\n#### Events\n\nThe `events` object returned when defining a plugin will contain properly namespaced strings of both default and custom events. Custom events will become object keys, while the namespaced event will become the value:\n\n```javascript\nvar Plugin = Formstone.Plugin(“namespace”, {\n  ...\n  events: [\n    \"enable\",\n    \"disable\"\n  ],\n  ...\n});\n```\n\n```javascript\ndata.$el.on(Events.click, onClick);\n```\n\n| Key | Type | Value |\n| --- | --- | --- |\n| `namespace` | Default | `.namespace` |\n| `beforeUnload` | Default | `beforeunload.namespace` |\n| `blur` | Default | `blur.namespace` |\n| `change` | Default | `change.namespace` |\n| `click` | Default | `click.namespace` |\n| `clickTouchStart` | Default | `click.namespace touchstart.namespace` |\n| `dblClick` | Default | `dblClick.namespace` |\n| `drag` | Default | `drag.namespace` |\n| `dragEnd` | Default | `dragend.namespace` |\n| `dragEnter` | Default | `dragenter.namespace` |\n| `dragLeave` | Default | `dragleave.namespace` |\n| `dragOver` | Default | `dragover.namespace` |\n| `dragStart` | Default | `dragstart.namespace` |\n| `drop` | Default | `drop.namespace` |\n| `error` | Default | `error.namespace` |\n| `focus` | Default | `focus.namespace` |\n| `focusIn` | Default | `focusin.namespace` |\n| `focusOut` | Default | `focusout.namespace` |\n| `input` | Default | `input.namespace` |\n| `keyDown` | Default | `keydown.namespace` |\n| `keyPress` | Default | `keypress.namespace` |\n| `keyUp` | Default | `keyup.namespace` |\n| `load` | Default | `load.namespace` |\n| `mouseDown` | Default | `mousedown.namespace` |\n| `mouseEnter` | Default | `mouseenter.namespace` |\n| `mouseLeave` | Default | `mouseleave.namespace` |\n| `mouseMove` | Default | `mousemove.namespace` |\n| `mouseOut` | Default | `mouseout.namespace` |\n| `mouseOver` | Default | `mouseover.namespace` |\n| `mouseUp` | Default | `mouseup.namespace` |\n| `panStart` | Default | `panstart.namespace` |\n| `pan` | Default | `pan.namespace` |\n| `panEnd` | Default | `panend.namespace` |\n| `resize` | Default | `resize.namespace` |\n| `scaleStart` | Default | `scalestart.namespace` |\n| `scale` | Default | `scale.namespace` |\n| `scaleEnd` | Default | `scaleend.namespace` |\n| `scroll` | Default | `scroll.namespace` |\n| `select` | Default | `select.namespace` |\n| `swipe` | Default | `swipe.namespace` |\n| `touchCancel` | Default | `touchcancel.namespace` |\n| `touchEnd` | Default | `touchend.namespace` |\n| `touchLeave` | Default | `touchleave.namespace` |\n| `touchMove` | Default | `touchmove.namespace` |\n| `touchStart` | Default | `touchstart.namespace` |\n| `transitionEnd` | Default | `transitionEnd.namespace` |\n\n### Document Ready\n\nChanges introduced to the `ready` event handler in jQuery 3 can cause a flash of unstyled content before widget plugins have completely initialized. The `Formstone.Ready` handler utilizes the native 'DOMContentLoaded' event to avoid the flash and can be safely used a jQuery `ready` replacement:\n\n```javascript\nFormstone.Ready(function() {\n  ...\n});\n```\n\n### No Conflict\n\nOne benefit of Formstone is the module nature of the components, allowing developers to include only what's required. Certain edge cases may require overlapping namespaces between two or more libraries. To avoid (some) namespace collisions with other libraries, such as Bootstrap or Lightbox, developers can call the `Formstone.NoConflict()` method to restore all jQuery plugin namespaces to their 'original' functions. Other libraries should be included before Formstone components, however Formstone will remember this flag and avoid registering un-namespaced plugins included after the initial call. Note: This does not effect data attributes or events, only the jQuery plugin namespace.\n\n```javascript\nFormstone.NoConflict();\n```\n","demo":"[No Demo]","document":"# Core\n\nFormstone Library core. Required for all plugins.\n\n<!-- HEADER END -->\n\n<!-- NAV START -->\n\n* [Use](#use)\n* [Methods](#methods)\n\n<!-- NAV END -->\n\n<!-- DEMO BUTTON -->\n\n<a name=\"use\"></a>\n\n## Using Core\n\n### Formstone Object\n\nThe Formstone core is a dependency of all JavaScript based components and will contain a few global values, as well as a simple plugin factory. The global Formstone object has access to the following keys:\n\n| Key | Type | Description |\n| --- | --- | --- |\n| `$window` | `object` | Reference to jQuery wrapped window |\n| `window` | `object` | Reference to original window |\n| `$document` | `object` | Reference to jQuery wrapped document |\n| `document` | `object` | Reference to original document |\n| `$body` | `object` | Reference to jQuery wrapped body tag |\n| `Plugins` | `object` | Contains all registered plugins |\n| `Version` | `string` | Current version number |\n| `support.file` | `boolean` | File API support |\n| `support.history` | `boolean` | History API support, including push and pop state |\n| `support.matchMedia` | `boolean` | Match Media API support |\n| `support.nativeMatchMedia` | `boolean` | Native Match Media API support (no polyfill, requires feature test classing) |\n| `support.raf` | `boolean` | Request Animation Frame API support |\n| `support.touch` | `boolean` | Touch event support |\n| `support.transition` | `boolean` | CSS3 Transition support |\n| `userAgent` | `string` | Raw user string |\n| `isChrome` | `boolean` | Browser is Chrome |\n| `isFirefox` | `boolean` | Browser is FireFox |\n| `isSafari` | `boolean` | Browser is Safari |\n| `isMobile` | `boolean` | Browser is Mobile |\n| `isFirefoxMobile` | `boolean` | Browser is FireFox Mobile |\n| `transform` | `string` | Prefixed transform property |\n| `transition` | `string` | Prefixed transition property |\n| `windowWidth` | `int` | Current window width |\n| `windowHeight` | `int` | Current window height |\n| `fallbackWidth` | `int` | Match Media fallback width |\n\nUser agent sniffing isn't always reliable or considered best practice - it should be used sparingly, if at all.\n\n### Plugin Factory\n\nThe `Formstone.Plugin` factory function is used to define a plugin. The factory will use the provided namespace to register the plugin with jQuery. The plugin is then available like any other:\n\n```javascript\n$(\".target\").plugin({\n  option: value\n});\n```\n\n#### AMD Support\n\nPlugins should remain compatible with module loaders like [RequireJS](http://requirejs.org/) or [webpack](https://webpack.github.io/):\n\n```javascript\n(function(factory) {\n  if (typeof define === \"function\" && define.amd) {\n    define([\n      \"jquery\",\n      \"./core\",\n      \"./dependency\",\n    ], factory);\n  } else {\n    factory(jQuery, Formstone);\n  }\n}(function($, Formstone) {\n\n  // Plugin\n\n})\n\n);\n```\n\n### Plugin Types\n\nThere are two types of plugins that can be defined: Widget or Utility.\n\n#### Widget\n\nWidget plugins are implicitly tied to an element to enhance or change the interface. Examples of Widgets include input enhancements like Checkbox or Dropdown. A simple Widget might look like:\n\n```javascript\n/* global define */\n\n(function(factory) {\n  if (typeof define === \"function\" && define.amd) {\n    define([\n      \"jquery\",\n      \"./core\",\n      \"./dependency\",\n    ], factory);\n  } else {\n    factory(jQuery, Formstone);\n  }\n}(function($, Formstone) {\n\n  \"use strict\";\n\n  function setup() {\n    // this = document\n  }\n\n  function construct(data) {\n    // this = jQuery wrapped target element\n    // data = instance data\n  }\n\n  function destruct(data) {\n    // this = jQuery wrapped target element\n    // data = instance data\n  }\n\n  function reset(data) {\n    // this = jQuery wrapped target element\n    // data = instance data\n  }\n\n  // Register Plugin\n\n  var Plugin = Formstone.Plugin(\"namespace\", {\n      widget: true,\n      defaults: {\n        option:    value\n      },\n      classes: [\n        \"visible\"\n      ],\n      methods: {\n        _construct     : construct,\n        _postConstruct : construct,\n        _destruct      : destruct,\n        _resize        : resize,\n        _raf           : raf,\n\n        reset          : reset\n      },\n      utilities: {\n        close:         close\n      }\n    }),\n\n    // Localize References\n\n    Classes      = Plugin.classes,\n    Events       = Plugin.events,\n    Functions    = Plugin.functions;\n\n  Formstone.Ready(setup);\n\n})\n\n);\n```\n\nAs in the example above, Widgets can override the following internal methods by pointing a key to the corresponding local function:\n\n| Method | Description |\n| --- | --- |\n| `_construct` | Run at initialization of each instance, scoped to specific instance |\n| `_postConstruct` | Run after initialization of current instance set, scoped to specific instance |\n| `_destruct` | Run at destruction of each instance, scoped to specific instance |\n| `_resize` | Run on window resize, scoped to window |\n| `_raf` | Run on request animation frame, scoped to window |\n\nWhen an instance is created or destroyed, the factory will automatically add or remove the instance's localized plugin data. This data is available as the first argument in any public method call, or by using the namespace to query for the data:\n\n```javascript\nthis.data(\"namespace\");\n```\n\nCustom public methods can also be defined, provided their keys are not prefixed with an underscore (`_`). The underscore signifies a core method and should be avoided when defining public methods. The factory will scope any public method call to the target instance, as well as provide it's plugin data as the first argument followed by any additional arguments:\n\n```javascript\n$(\".target\").namespace(\"reset\", 500);\n```\n\nA Widget can also operate as a singleton, like Lightbox or Tooltip. In this case, events are bound to the instance's target element, while DOM manipulations are tied to a single internal instance. This helps prevent unwanted duplication when the interface pattern calls for a single instance.\n\n#### Utility\n\nUtility plugins may interact with DOM nodes but are not necessarily tied to any specific elements. An example of a Utility is the media query event abstraction provided by Media Query. A simple Utility plugin might look like:\n\n```javascript\n/* global define */\n\n(function(factory) {\n  if (typeof define === \"function\" && define.amd) {\n    define([\n      \"jquery\",\n      \"./core\"\n    ], factory);\n  } else {\n    factory(jQuery, Formstone);\n  }\n}(function($, Formstone) {\n\n  \"use strict\";\n\n  function delegate() {\n    // Manually handle public methods\n  }\n\n  // Register Plugin\n\n  var Plugin = Formstone.Plugin(\"namespace\", {\n      utilties: {\n        _delegate:     delegate\n      }\n    }),\n\n    // Internal Defaults\n\n    Defaults = {\n      option    : value\n    },\n\n    // Localize References\n\n    Document = Formstone.$document[0];\n\n})\n\n);\n```\n\nA utility can override the default method delegation by pointing the `_delegate` key to a custom function. The delegate function will need to manually handle any arguments passed. Otherwise, Utilities will use the same public method delegation system as Widgets.\n\n```javascript\n$.namespace(\"reset\", 500);\n```\n\n### Plugin Object\n\nDefining a plugin using the factory will return an object containing the follow keys:\n\n| Key | Type | Description |\n| --- | --- | --- |\n| `namespace` | `string` | plugin namespace |\n| `initialized` | `boolean` | initialized state |\n| `defaults` | `object` | default options extended with initialization and local options |\n| `functions` | `object` | private utility functions |\n| `methods` | `object` | public methods |\n| `utilities` | `object` | public utility methods |\n| `classes` | `object` | namespaced classes strings |\n| `events` | `object` | namespaced event strings |\n\nThese values can then be localized in the scope of the plugin for optimal minimization:\n\n```javascript\nvar Plugin = Formstone.Plugin(“namespace”, {\n    ...\n  }),\n  Defaults     = Plugin.defaults,\n  Functions    = Plugin.functions,\n  Methods      = Plugin.methods,\n  Utilities    = Plugin.utilities,\n  Classes      = Plugin.classes,\n  Events       = Plugin.events;\n```\n\nThis may seem strangely redundant at first, however multi-dimensional objects do not minimize efficiently. This is also one reason standard prototypal inheritance is not used when building a plugin, however this is not to say a specific plugin could not contain locally scoped prototypes. Plugin design is always up to the developer, the factory simply provides a consistent, DRY approach to the basic plugin pattern.\n\n#### Classes\n\nThe `classes` object returned when defining a plugin will contain properly namespaced strings of both default and custom classes. Custom classes will become object keys, while the namespaced class will become the value:\n\n```javascript\nvar Plugin = Formstone.Plugin(“namespace”, {\n  ...\n  classes: [\n    \"visible\",\n    \"content\"\n  ],\n  ...\n});\n```\n\n```javascript\nvar $element = $(Classes.content);\n```\n\n| Key | Type | Value |\n| --- | --- | --- |\n| `base` | Default | `.namespace` |\n| `element` | Default | `.namespace-element` |\n| `visible` | Custom | `.namespace-visible` |\n| `content` | Custom | `.namespace-content` |\n\nThe `classes.raw` key will contain just the namespaced class without the leading '.', useful for building html:\n\n```javascript\nhtml += '<div class=\"' + Classes.raw.content + '\">';\n```\n\n#### Events\n\nThe `events` object returned when defining a plugin will contain properly namespaced strings of both default and custom events. Custom events will become object keys, while the namespaced event will become the value:\n\n```javascript\nvar Plugin = Formstone.Plugin(“namespace”, {\n  ...\n  events: [\n    \"enable\",\n    \"disable\"\n  ],\n  ...\n});\n```\n\n```javascript\ndata.$el.on(Events.click, onClick);\n```\n\n| Key | Type | Value |\n| --- | --- | --- |\n| `namespace` | Default | `.namespace` |\n| `beforeUnload` | Default | `beforeunload.namespace` |\n| `blur` | Default | `blur.namespace` |\n| `change` | Default | `change.namespace` |\n| `click` | Default | `click.namespace` |\n| `clickTouchStart` | Default | `click.namespace touchstart.namespace` |\n| `dblClick` | Default | `dblClick.namespace` |\n| `drag` | Default | `drag.namespace` |\n| `dragEnd` | Default | `dragend.namespace` |\n| `dragEnter` | Default | `dragenter.namespace` |\n| `dragLeave` | Default | `dragleave.namespace` |\n| `dragOver` | Default | `dragover.namespace` |\n| `dragStart` | Default | `dragstart.namespace` |\n| `drop` | Default | `drop.namespace` |\n| `error` | Default | `error.namespace` |\n| `focus` | Default | `focus.namespace` |\n| `focusIn` | Default | `focusin.namespace` |\n| `focusOut` | Default | `focusout.namespace` |\n| `input` | Default | `input.namespace` |\n| `keyDown` | Default | `keydown.namespace` |\n| `keyPress` | Default | `keypress.namespace` |\n| `keyUp` | Default | `keyup.namespace` |\n| `load` | Default | `load.namespace` |\n| `mouseDown` | Default | `mousedown.namespace` |\n| `mouseEnter` | Default | `mouseenter.namespace` |\n| `mouseLeave` | Default | `mouseleave.namespace` |\n| `mouseMove` | Default | `mousemove.namespace` |\n| `mouseOut` | Default | `mouseout.namespace` |\n| `mouseOver` | Default | `mouseover.namespace` |\n| `mouseUp` | Default | `mouseup.namespace` |\n| `panStart` | Default | `panstart.namespace` |\n| `pan` | Default | `pan.namespace` |\n| `panEnd` | Default | `panend.namespace` |\n| `resize` | Default | `resize.namespace` |\n| `scaleStart` | Default | `scalestart.namespace` |\n| `scale` | Default | `scale.namespace` |\n| `scaleEnd` | Default | `scaleend.namespace` |\n| `scroll` | Default | `scroll.namespace` |\n| `select` | Default | `select.namespace` |\n| `swipe` | Default | `swipe.namespace` |\n| `touchCancel` | Default | `touchcancel.namespace` |\n| `touchEnd` | Default | `touchend.namespace` |\n| `touchLeave` | Default | `touchleave.namespace` |\n| `touchMove` | Default | `touchmove.namespace` |\n| `touchStart` | Default | `touchstart.namespace` |\n| `transitionEnd` | Default | `transitionEnd.namespace` |\n\n### Document Ready\n\nChanges introduced to the `ready` event handler in jQuery 3 can cause a flash of unstyled content before widget plugins have completely initialized. The `Formstone.Ready` handler utilizes the native 'DOMContentLoaded' event to avoid the flash and can be safely used a jQuery `ready` replacement:\n\n```javascript\nFormstone.Ready(function() {\n  ...\n});\n```\n\n### No Conflict\n\nOne benefit of Formstone is the module nature of the components, allowing developers to include only what's required. Certain edge cases may require overlapping namespaces between two or more libraries. To avoid (some) namespace collisions with other libraries, such as Bootstrap or Lightbox, developers can call the `Formstone.NoConflict()` method to restore all jQuery plugin namespaces to their 'original' functions. Other libraries should be included before Formstone components, however Formstone will remember this flag and avoid registering un-namespaced plugins included after the initial call. Note: This does not effect data attributes or events, only the jQuery plugin namespace.\n\n```javascript\nFormstone.NoConflict();\n```\n\n\n<hr>\n<a name=\"methods\"></a>\n\n## Methods\n\n### NoConflict\n\nResolves plugin namespace conflicts\n\n```javascript\nFormstone.NoConflict();\n```\n\n### Plugin\n\nBuilds a plugin and registers it with jQuery.\n\n```javascript\nFormstone.Plugin(\"namespace\", { ... });\n```\n\n#### Parameters\n\n| Name | Type | Default | Description |\n| --- | --- | --- | --- |\n| `namespace` | `string` | &nbsp; | Plugin namespace |\n| `settings` | `object` | &nbsp; | Plugin settings |\n\n### Ready\n\nReplacement for jQuery ready\n\n\n#### Parameters\n\n| Name | Type | Default | Description |\n| --- | --- | --- | --- |\n| `e` | `object` | &nbsp; | Event data |\n\n"}