{"main":[],"options":[],"events":[],"methods":[],"css":[],"name":"Grid","type":"grid","description":"A responsive CSS grid.","use":"The Formstone Grid is flexbox-based class system that works by nesting 'cells' within 'rows'. Cells are defined by classes that set widths at specific breakpoints. The breakpoints correspond to general screen sizes. By default, Grid renders 3 columns on 'small', 6 columns on 'medium' and 12 columns on 'large' displays.\n\n### Markup\n\nA basic example may look something like:\n\n```markup\n<body class=\"fs-grid\">\n  <div class=\"fs-row\">\n    <div class=\"fs-cell fs-sm-3 fs-md-2 fs-lg-4\">...</div>\n    <div class=\"fs-cell fs-sm-3 fs-md-2 fs-lg-4\">...</div>\n    <div class=\"fs-cell fs-sm-3 fs-md-2 fs-lg-4\">...</div>\n  </div>\n</body>\n```\n\nThis will create 3 cells that each span 3 columns on 'small', 2 columns on 'medium' and 4 columns on 'large' screens. Think of the nested structure like a directory tree:\n\n```\ngrid\n├─ row\n|  ├─ cell\n|  |─ cell\n|  |  └─ row\n|  |     ├─ cell\n|  |     └─ cell\n|  └─ cell\n└─ row\n   ├─ cell\n   └─ cell\n```\n\n### Box-Sizing\n\nGrid relies on border-box and includes a global box-sizing reset:\n\n```css\n*,\n*:before,\n*:after {\n  box-sizing: border-box;\n}\n```\n\nThis will effect every element on the page and can have unexpected results. In the long run it will help speed development by modifying how padding and borders effect the box model calculations. [Learn more about border-box](http://www.paulirish.com/2012/box-sizing-border-box-ftw/).\n\n### Row Widths and Columns Counts\n\n| Name | Screen Size | Row Width | Column Count |\n| --- | --- | --- | --- |\n| `xs` | smaller than 500px | 300px | 3 |\n| `sm` | smaller than 740px | 480px | 3 |\n| `md` | 740px to 980px | 720px | 6 |\n| `lg` | 980px to 1220px | 960px | 12 |\n| `xl` | larger than 1220px | 1200px | 12 |\n\n### Row Helper Classes\n\nHelper classes can be added to rows to modify their default behavior in predictable ways.\n\n| Class | Description |\n| --- | --- |\n| `fs-[x]-reverse` | reverse order of cells |\n| `fs-[x]-justify-between` | even spacing between cells |\n| `fs-[x]-justify-around` | even spacing around cells |\n| `fs-[x]-justify-start` | align cells to start of row horizontally |\n| `fs-[x]-justify-center` | align cells to center of row horizontally |\n| `fs-[x]-justify-end` | align cells to end of row horizontally |\n| `fs-[x]-align-start` | align cells to top of row vertically |\n| `fs-[x]-align-center` | align cells to center of row vertically |\n| `fs-[x]-align-end` | align cells to bottom of row vertically |\n\n### Defining Cells\n\n| Class | Description |\n| --- | --- |\n| `fs-xs-[x]` | only extra small size |\n| `fs-sm-[x]` | both small and extra small sizes |\n| `fs-md-[x]` | medium size |\n| `fs-lg-[x]` | both large and extra large sizes |\n| `fs-xl-[x]` | only extra large size |\n| `fs-all-[x]` | all sizes |\n\nCells will default to filling the available horizontal space but can be defined by the target screen size and column count. For example `fs-sm-2` will produce a cell spanning 2 of the 3 available columns within the 'small' screen size range. Cell classes can be stacked to specify column spans across all screen sizes:\n\n```markup\n<div class=\"fs-cell fs-sm-3 fs-md-6 fs-lg-12\">...</div>\n```\n\nThe `fs-xl-[x]` and `fs-xs-[x]` classes adds level of control when targeting large and small screens. For example, a cell may need to span 2 columns at the small size, but span the full width at the extra small size:\n\n```markup\n<div class=\"fs-cell fs-xs-3 fs-sm-2 ...\">...</div>\n```\n\nThe `fs-all-[x]` classes will create a cell that spans the specified width on all screen sizes (only works with fraction cell counts):\n\n```markup\n<div class=\"fs-cell fs-all-third\">...</div>\n```\n\n### Fraction Cells\n\nThe fraction classes can be used in place of specific column counts:\n\n| Class | Description |\n| --- | --- |\n| `fs-[x]-full` | entire row width |\n| `fs-[x]-half` | 1/2 row width |\n| `fs-[x]-third` | 1/3 row width |\n| `fs-[x]-fourth` | 1/4 row width |\n| `fs-[x]-fifth` | 1/5 row width |\n\n### Cell Helper Classes\n\nHelper classes can be added to cells to modify their default behavior in predictable ways.\n\n| Class | Description |\n| --- | --- |\n| `fs-[x]-first` | Force cell to front of row. |\n| `fs-[x]-last` | Force cell to end of row. |\n| `fs-[x]-hide` | Hide cell at specific size. |\n| `fs-[x]-justify-start` | align cell to start of row horizontally |\n| `fs-[x]-justify-center` | align cell to center of row horizontally |\n| `fs-[x]-justify-end` | align cell to end of row horizontally |\n| `fs-[x]-align-start` | align cell to top of row vertically |\n| `fs-[x]-align-center` | align cell to center of row vertically |\n| `fs-[x]-align-end` | align cell to bottom of row vertically |\n| `fs-cell-padded` | Swaps cell margin for padding. Allows backgrounds to touch while maintaining gutters. |\n| `fs-cell-contained` | Removes cell margin. Allows backgrounds to touch by removing gutters. |\n\n### LESS Configuration\n\nGrid can also be configured and rebuilt using Gulp. Simply edit the variables found in `/src/grid/grid-config.less` before running the default `gulp` process.\n\n| Variable | Default | Description |\n| --- | --- | --- |\n| **Structure** | | |\n| `@fs-grid-class-container` | `fs-grid` | Container class |\n| `@fs-grid-class-row` | `fs-row` | Row class |\n| `@fs-grid-class-contained` | `fs-contained` | Contained helper class |\n| `@fs-grid-class-padded` | `fs-padded` | Padded helper class |\n| `@fs-grid-class-centered` | `fs-centered` | Centered helper class |\n| **Cells** | | |\n| `@fs-grid-class-all` | `fs-all` | All cell class |\n| `@fs-grid-class-xs` | `fs-xs` | Extra Small cell class |\n| `@fs-grid-class-sm` | `fs-sm` | Small cell class |\n| `@fs-grid-class-md` | `fs-md` | Medium cell class |\n| `@fs-grid-class-lg` | `fs-lg` | Large cell class |\n| `@fs-grid-class-xl` | `fs-xl` | Extra Large cell class |\n| **Columns** | | |\n| `@fs-grid-columns-sm` | `3` | Small column count |\n| `@fs-grid-columns-md` | `6` | Medium column count |\n| `@fs-grid-columns-lg` | `12` | Large column count |\n| **Gutters** | | |\n| `@fs-grid-gutter` | `1.0416666666666667%;` | Gutter width |\n| **Widths** | | |\n| `@fs-grid-width-xs` | `300px` | Extra Small row width |\n| `@fs-grid-width-sm` | `480px` | Small row width |\n| `@fs-grid-width-md` | `720px` | Medium row width |\n| `@fs-grid-width-lg` | `960px` | Large row width |\n| `@fs-grid-width-xl` | `1200px` | Extra Large row width |\n| **Breakpoints** | | |\n| `@fs-grid-width-break-xs` | `320px` | Extra Small break width |\n| `@fs-grid-width-break-sm` | `500px` | Small break width |\n| `@fs-grid-width-break-md` | `740px` | Medium break width |\n| `@fs-grid-width-break-lg` | `980px` | Large break width |\n| `@fs-grid-width-break-xl` | `1220px` | Extra Large break width |\n| **Media Queries - Max** | | |\n| `@fs-grid-mq-max-sm` | `499px` | Small max mq |\n| `@fs-grid-mq-max-md` | `739px` | Medium max mq |\n| `@fs-grid-mq-max-lg` | `979px` | Large max mq |\n| `@fs-grid-mq-max-xl` | `1219px` | Extra Large max mq |\n| **Media Queries - Min** | | |\n| `@fs-grid-mq-min-sm` | `500px` | Small min mq |\n| `@fs-grid-mq-min-md` | `740px` | Medium min mq |\n| `@fs-grid-mq-min-lg` | `980px` | Large min mq |\n| `@fs-grid-mq-min-xl` | `1220px` | Extra Large min mq |\n| **Mixin-Only Grid** | | |\n| `@fs-grid-mixin-only` | `false` | Disables generation of classes based grid |\n\n### LESS Extends & Mixins\n\nGrid can be compiled into CSS directly. This allows for a similar declarative approach, without adding classes to markup.\n\n| Name | Description |\n| --- | --- |\n| **Extends** | |\n| `.fs_grid_row` | Base row |\n| `.fs_grid_row_fluid` | Base fluid row |\n| `.fs_grid_row_fluid_sm` | Base fluid row (small only) |\n| `.fs_grid_row_adaptive` | Base adaptive row |\n| `.fs_grid_row_reverse` | Base reversed row |\n| `.fs_grid_row_justify_around` | Base justify around row |\n| `.fs_grid_row_justify_between` | Base justify between row |\n| `.fs_grid_row_justify_start` | Base justify start row |\n| `.fs_grid_row_justify_center` | Base justify center row |\n| `.fs_grid_row_justify_end` | Base justify end row |\n| `.fs_grid_row_align_start` | Base align start row |\n| `.fs_grid_row_align_center` | Base align center row |\n| `.fs_grid_row_align_end` | Base align end row |\n| `.fs_grid_row_row` | Base nested row |\n| `.fs_grid_row_row_contained` | Base nested row (parent cell is contained) |\n| `.fs_grid_row_destroy` | Base destroy row |\n| `.fs_grid_cell` | Base cell |\n| `.fs_grid_cell_padded` | Base padded cell |\n| `.fs_grid_cell_contained` | Base contained cell |\n| `.fs_grid_cell_justify_start` | Base justify start cell |\n| `.fs_grid_cell_justify_center` | Base justify center cell |\n| `.fs_grid_cell_justify_end` | Base justify end cell |\n| `.fs_grid_cell_align_start` | Base align start cell |\n| `.fs_grid_cell_align_center` | Base align center cell |\n| `.fs_grid_cell_align_end` | Base align end cell |\n| `.fs_grid_cell_first` | Base first cell |\n| `.fs_grid_cell_last` | Base last cell |\n| `.fs_grid_cell_destroy` | Base destroy cell |\n| **Mixins** | |\n| `.fs_row();` | Base row |\n| `.fs_row_fluid();` | Base row fluid |\n| `.fs_row_fluid_sm();` | Base fluid row (small only) |\n| `.fs_row_row();` | Base nested row |\n| `.fs_row_row_contained();` | Base nested row (parent cell is contained) |\n| `.fs_cell();` | Base cell |\n| `.fs_cell_padded();` | Base padded cell |\n| `.fs_cell_contained();` | Base contained cell |\n| `.fs_cell_xs(@count [, @total]);` | Extra Small cell; Pass @total to define fractions |\n| `.fs_cell_sm(@count [, @total]);` | Small cell; Pass @total to define fractions |\n| `.fs_cell_md(@count [, @total]);` | Medium cell; Pass @total to define fractions |\n| `.fs_cell_lg(@count [, @total]);` | Large cell; Pass @total to define fractions |\n| `.fs_cell_xl(@count [, @total]);` | Extra Large cell; Pass @total to define fractions |\n| `.fs_push_xs(@count [, @total]);` | Extra Small push; Pass @total to define fractions |\n| `.fs_push_sm(@count [, @total]);` | Small push; Pass @total to define fractions |\n| `.fs_push_md(@count [, @total]);` | Medium push; Pass @total to define fractions |\n| `.fs_push_lg(@count [, @total]);` | Large push; Pass @total to define fractions |\n| `.fs_push_xl(@count [, @total]);` | Extra Large push; Pass @total to define fractions |\n","demo":"<script>\r\n  Formstone.Ready(function() {\r\n    var $body = $(\"body\");\r\n      $gridSelect = $(\"#grid_select\").on(\"change\", function() {\r\n        var $target = $(this),\r\n          type = $target.val();\r\n\r\n        $body.removeClass(\"fs-grid-fluid fs-grid-adaptive\")\r\n           .addClass(type);\r\n      });\r\n  });\r\n</script>\r\n\r\n<form action=\"#\" method=\"GET\" class=\"fs-row form demo_form\">\r\n  <fieldset class=\"fs-cell fs-lg-third form_fieldset\">\r\n    <label class=\"form_label\" for=\"grid_select\">Select Grid Type</label>\r\n    <select class=\"js-dropdown\" name=\"grid_select\" id=\"grid_select\">\r\n      <option value=\"__grid-base\">Base Grid</option>\r\n      <option value=\"fs-grid-adaptive\">Full Adaptive Grid</option>\r\n      <option value=\"fs-grid-fluid\">Full Fluid Grid</option>\r\n    </select>\r\n  </fieldset>\r\n</form>\r\n\r\n\r\n<!-- Bookmarklet -->\r\n<h4>Bookmarklet</h4>\r\n<p>Drag the bookmarklet to your bookmarks bar.</p>\r\n<a href=\"javascript:(function(){if(typeof%20FSGridBookmarklet==='undefined'){document.body.appendChild(document.createElement('script')).src='//formstone.it/js/bookmarklet/grid.js';}else{FSGridBookmarklet();}})();\" class=\"button bookmarklet\">Formstone Grid</a>\r\n\r\n<br class=\"clear\">\r\n\r\n<p>Or, include it on every page of your development site:</p>\r\n<pre class=\"example\"><code class=\"language-markup\">&lt;script&gt;\r\n(function(){if(typeof FSGridBookmarklet==='undefined'){document.body.appendChild(document.createElement('script')).src='//formstone.it/js/bookmarklet/grid.js';}else{FSGridBookmarklet();}})();\r\n&lt;/script&gt;</code></pre>\r\n\r\n<script>\r\n(function(){if(typeof FSGridBookmarklet==='undefined'){document.body.appendChild(document.createElement('script')).src='//formstone.it/js/bookmarklet/grid.js';}else{FSGridBookmarklet();}})();\r\n</script>\r\n\r\n<br>\r\n\r\n\r\n<h4>Asymmetrical</h4>\r\n\r\n<!-- START: FIRSTDEMO -->\r\n\r\n<style>\r\n  .button.bookmarklet { clear: both; }\r\n\r\n  .example { margin: 20px 0; }\r\n  .example .fs-row { background: #CFD8DC; border-radius: 2px; padding-top: 1.8%; }\r\n  .example [class*=\"fs-cell\"] { background: #455a64; color: #fff; border-radius: 2px; margin-bottom: 1.8%; text-align: center; }\n  .example .tall { height: 100px; }\n  .example .highlight { background: #00bcd4; }\r\n  .example .nested { background: none; margin-top: 0; margin-bottom: 0; }\r\n  .example .nested .fs-row { padding-top: 0; }\r\n  .example [class*=\"label\"] { display: block; padding-top: 15px; padding-bottom: 15px; }\r\n\r\n  /*.example .label,\r\n  .example .label_small,\r\n  .example .label_medium,\r\n  .example .label_large { background: #455a64; }*/\r\n\r\n  .example .label_small,\r\n  .example .label_medium,\r\n  .example .label_large { display: none; }\r\n\r\n  @media screen and (min-width: 0px) and (max-width: 739px) {\r\n    .example .label_small { display: block; }\r\n  }\r\n  @media screen and (min-width: 740px) and (max-width: 979px) {\r\n    .example .label_medium { display: block; }\r\n  }\r\n  @media screen and (min-width: 980px) {\r\n    .example .label_large { display: block; }\r\n  }\r\n</style>\r\n\r\n<div class=\"example\">\r\n  <div class=\"fs-row\">\r\n    <div class=\"fs-cell fs-sm-1 fs-md-2 fs-lg-4\">\r\n      <span class=\"label_small\">fs-sm-1</span>\r\n      <span class=\"label_medium\">fs-md-2</span>\r\n      <span class=\"label_large\">fs-lg-4</span>\r\n    </div>\r\n    <div class=\"fs-cell fs-sm-2 fs-md-4 fs-lg-8\">\r\n      <span class=\"label_small\">fs-sm-2</span>\r\n      <span class=\"label_medium\">fs-md-4</span>\r\n      <span class=\"label_large\">fs-lg-8</span>\r\n    </div>\r\n  </div>\r\n</div>\r\n\r\n<!-- END: FIRSTDEMO -->\r\n\r\n<h4>Symmetrical</h4>\r\n<div class=\"example\">\r\n  <div class=\"fs-row\">\r\n    <div class=\"fs-cell fs-sm-3 fs-md-3 fs-lg-6\">\r\n      <span class=\"label_small\">fs-sm-3</span>\r\n      <span class=\"label_medium\">fs-md-3</span>\r\n      <span class=\"label_large\">fs-lg-6</span>\r\n    </div>\r\n    <div class=\"fs-cell fs-sm-3 fs-md-3 fs-lg-6\">\r\n      <span class=\"label_small\">fs-sm-3</span>\r\n      <span class=\"label_medium\">fs-md-3</span>\r\n      <span class=\"label_large\">fs-lg-6</span>\r\n    </div>\r\n  </div>\r\n</div>\r\n\r\n<h4>3 Column</h4>\r\n<div class=\"example\">\r\n  <div class=\"fs-row\">\r\n    <div class=\"fs-cell fs-all-third\">\r\n      <span class=\"label\">fs-all-third</span>\r\n    </div>\r\n    <div class=\"fs-cell fs-all-third\">\r\n      <span class=\"label\">fs-all-third</span>\r\n    </div>\r\n    <div class=\"fs-cell fs-all-third\">\r\n      <span class=\"label\">fs-all-third</span>\r\n    </div>\r\n  </div>\r\n</div>\n\n<h4>Nested</h4>\n<div class=\"example\">\n  <div class=\"fs-row\">\n    <div class=\"fs-cell fs-md-4 fs-lg-8 nested\">\n      <div class=\"fs-row\">\n        <div class=\"fs-cell fs-md-half fs-lg-half\">\n          <span class=\"label_small\">fs-sm-full</span>\n          <span class=\"label_medium\">fs-md-half</span>\n          <span class=\"label_large\">fs-lg-half</span>\n        </div>\n        <div class=\"fs-cell fs-md-half fs-lg-half\">\n          <span class=\"label_small\">fs-sm-full</span>\n          <span class=\"label_medium\">fs-md-half</span>\n          <span class=\"label_large\">fs-lg-half</span>\n        </div>\n      </div>\n    </div>\n    <div class=\"fs-cell fs-md-2 fs-lg-4\">\n      <span class=\"label_small\">fs-sm-full</span>\n      <span class=\"label_medium\">fs-md-2</span>\n      <span class=\"label_large\">fs-lg-4</span>\n    </div>\n  </div>\n</div>\n\n<h4>Push</h4>\n<div class=\"example\">\n  <div class=\"fs-row\">\n    <div class=\"fs-cell fs-sm-2 fs-sm-push-1 fs-md-3 fs-md-push-3 fs-lg-8 fs-lg-push-4\">\n      <span class=\"label_small\">fs-sm-2 fs-sm-push-1</span>\n      <span class=\"label_medium\">fs-md-3 fs-md-push-3</span>\n      <span class=\"label_large\">fs-lg-8 fs-lg-push-4</span>\n    </div>\n  </div>\n</div>\n\n<h4>Contained</h4>\n<div class=\"example\">\n  <div class=\"fs-row\">\n    <div class=\"fs-cell-contained fs-all-half\">\n      <span class=\"label\">fs-cell-contained</span>\n    </div>\n    <div class=\"fs-cell-contained fs-all-half\">\n      <span class=\"label\">fs-cell-contained</span>\n    </div>\n  </div>\n</div>\n\n<h4>Padded</h4>\n<div class=\"example\">\n  <div class=\"fs-row\">\n    <div class=\"fs-cell-padded fs-all-half\">\n      <span class=\"label\">fs-cell-padded</span>\n    </div>\n    <div class=\"fs-cell-padded fs-all-half\">\n      <span class=\"label\">fs-cell-padded</span>\n    </div>\n  </div>\n</div>\n\n<h4>Cell Align Start</h4>\n<div class=\"example\">\n  <div class=\"fs-row\">\n    <div class=\"fs-cell fs-all-third tall\">\n      <span class=\"label\">1</span>\n    </div>\n    <div class=\"fs-cell fs-all-align-start fs-all-third\">\n      <span class=\"label\">2</span>\n    </div>\n    <div class=\"fs-cell fs-all-third third\">\n      <span class=\"label\">3</span>\n    </div>\n  </div>\n</div>\n\n<h4>Cell Align Center</h4>\n<div class=\"example\">\n  <div class=\"fs-row\">\n    <div class=\"fs-cell fs-all-third tall\">\n      <span class=\"label\">1</span>\n    </div>\n    <div class=\"fs-cell fs-all-align-center fs-all-third\">\n      <span class=\"label\">2</span>\n    </div>\n    <div class=\"fs-cell fs-all-third tall\">\n      <span class=\"label\">3</span>\n    </div>\n  </div>\n</div>\n\n<h4>Cell Align End</h4>\n<div class=\"example\">\n  <div class=\"fs-row\">\n    <div class=\"fs-cell fs-all-third tall\">\n      <span class=\"label\">1</span>\n    </div>\n    <div class=\"fs-cell fs-all-align-end fs-all-third\">\n      <span class=\"label\">2</span>\n    </div>\n    <div class=\"fs-cell fs-all-third tall\">\n      <span class=\"label\">3</span>\n    </div>\n  </div>\n</div>\n\n<h4>Cell Justify Start</h4>\n<div class=\"example\">\n  <div class=\"fs-row\">\n    <div class=\"fs-cell fs-all-third fs-all-justify-start\">\n      <span class=\"label\">1</span>\n    </div>\n  </div>\n</div>\n\n<h4>Cell Justify Center</h4>\n<div class=\"example\">\n  <div class=\"fs-row\">\n    <div class=\"fs-cell fs-all-third fs-all-justify-center\">\n      <span class=\"label\">1</span>\n    </div>\n  </div>\n</div>\n\n<h4>Cell Justify End</h4>\n<div class=\"example\">\n  <div class=\"fs-row\">\n    <div class=\"fs-cell fs-all-third fs-all-justify-end\">\n      <span class=\"label\">1</span>\n    </div>\n  </div>\n</div>\n\n<h4>Cell Order First</h4>\n<div class=\"example\">\n  <div class=\"fs-row\">\n    <div class=\"fs-cell fs-all-third\">\n      <span class=\"label\">1</span>\n    </div>\n    <div class=\"fs-cell fs-all-third\">\n      <span class=\"label\">2</span>\n    </div>\n    <div class=\"fs-cell fs-all-third fs-first highlight\">\n      <span class=\"label\">3</span>\n    </div>\n  </div>\n</div>\n\n<h4>Cell Order Last</h4>\n<div class=\"example\">\n  <div class=\"fs-row\">\n    <div class=\"fs-cell fs-all-third fs-last highlight\">\n      <span class=\"label\">1</span>\n    </div>\n    <div class=\"fs-cell fs-all-third\">\n      <span class=\"label\">2</span>\n    </div>\n    <div class=\"fs-cell fs-all-third\">\n      <span class=\"label\">3</span>\n    </div>\n  </div>\n</div>\n\n<h4>Cell Width Auto</h4>\n<div class=\"example\">\n  <div class=\"fs-row fs-reverse\">\n    <div class=\"fs-cell fs-all-auto\">\n      <span class=\"label\">1</span>\n    </div>\n    <div class=\"fs-cell fs-all-auto\">\n      <span class=\"label\">2</span>\n    </div>\n    <div class=\"fs-cell fs-all-auto\">\n      <span class=\"label\">3</span>\n    </div>\n    <div class=\"fs-cell fs-all-auto\">\n      <span class=\"label\">4</span>\n    </div>\n  </div>\n</div>\n\n<h4>Row Justify Around</h4>\n<div class=\"example\">\n  <div class=\"fs-row fs-all-justify-around\">\n    <div class=\"fs-cell fs-all-third\">\n      <span class=\"label\">1</span>\n    </div>\n    <div class=\"fs-cell fs-all-third\">\n      <span class=\"label\">2</span>\n    </div>\n  </div>\n</div>\n\n<h4>Row Justify Between</h4>\n<div class=\"example\">\n  <div class=\"fs-row fs-all-justify-between\">\n    <div class=\"fs-cell fs-all-third\">\n      <span class=\"label\">1</span>\n    </div>\n    <div class=\"fs-cell fs-all-third\">\n      <span class=\"label\">2</span>\n    </div>\n  </div>\n</div>\n\n<h4>Row Justify Start</h4>\n<div class=\"example\">\n  <div class=\"fs-row fs-all-justify-start\">\n    <div class=\"fs-cell fs-all-third\">\n      <span class=\"label\">1</span>\n    </div>\n    <div class=\"fs-cell fs-all-third\">\n      <span class=\"label\">2</span>\n    </div>\n  </div>\n</div>\n\n<h4>Row Justify Center</h4>\n<div class=\"example\">\n  <div class=\"fs-row fs-all-justify-center\">\n    <div class=\"fs-cell fs-all-third\">\n      <span class=\"label\">1</span>\n    </div>\n    <div class=\"fs-cell fs-all-third\">\n      <span class=\"label\">2</span>\n    </div>\n  </div>\n</div>\n\n<h4>Row Justify End</h4>\n<div class=\"example\">\n  <div class=\"fs-row fs-all-justify-end\">\n    <div class=\"fs-cell fs-all-third\">\n      <span class=\"label\">1</span>\n    </div>\n    <div class=\"fs-cell fs-all-third\">\n      <span class=\"label\">2</span>\n    </div>\n  </div>\n</div>\n\n<h4>Row Align Start</h4>\n<div class=\"example\">\n  <div class=\"fs-row fs-all-align-start\">\n    <div class=\"fs-cell fs-all-half tall\">\n      <span class=\"label\">1</span>\n    </div>\n    <div class=\"fs-cell fs-all-half\">\n      <span class=\"label\">2</span>\n    </div>\n  </div>\n</div>\n\n<h4>Row Align Center</h4>\n<div class=\"example\">\n  <div class=\"fs-row fs-all-align-center\">\n    <div class=\"fs-cell fs-all-half tall\">\n      <span class=\"label\">1</span>\n    </div>\n    <div class=\"fs-cell fs-all-half\">\n      <span class=\"label\">2</span>\n    </div>\n  </div>\n</div>\n\n<h4>Row Align End</h4>\n<div class=\"example\">\n  <div class=\"fs-row fs-all-align-end\">\n    <div class=\"fs-cell fs-all-half tall\">\n      <span class=\"label\">1</span>\n    </div>\n    <div class=\"fs-cell fs-all-half\">\n      <span class=\"label\">2</span>\n    </div>\n  </div>\n</div>\n\n<h4>Row Order Reverse</h4>\n<div class=\"example\">\n  <div class=\"fs-row fs-reverse\">\n    <div class=\"fs-cell fs-all-third\">\n      <span class=\"label\">1</span>\n    </div>\n    <div class=\"fs-cell fs-all-third\">\n      <span class=\"label\">2</span>\n    </div>\n    <div class=\"fs-cell fs-all-third\">\n      <span class=\"label\">3</span>\n    </div>\n  </div>\n</div>\n\n\n<div class=\"fs-row\">\n  <div class=\"fs-cell fs-all-full\">\n    <div class=\"fs-row\">\n      <div class=\"fs-cell fs-all-third fs-contained\"><span class=\"label\">1</span></div>\n      <div class=\"fs-cell fs-all-third fs-contained\"><span class=\"label\">2</span></div>\n      <div class=\"fs-cell fs-all-third fs-contained\"><span class=\"label\">3</span></div>\n    </div>\n  </div>\n</div>\n","document":"# Grid\n\nA responsive CSS grid.\n\n<!-- HEADER END -->\n\n<!-- NAV START -->\n\n* [Use](#use)\n\n<!-- NAV END -->\n\n<!-- DEMO BUTTON -->\n\n<a name=\"use\"></a>\n\n## Using Grid\n\nThe Formstone Grid is flexbox-based class system that works by nesting 'cells' within 'rows'. Cells are defined by classes that set widths at specific breakpoints. The breakpoints correspond to general screen sizes. By default, Grid renders 3 columns on 'small', 6 columns on 'medium' and 12 columns on 'large' displays.\n\n### Markup\n\nA basic example may look something like:\n\n```markup\n<body class=\"fs-grid\">\n  <div class=\"fs-row\">\n    <div class=\"fs-cell fs-sm-3 fs-md-2 fs-lg-4\">...</div>\n    <div class=\"fs-cell fs-sm-3 fs-md-2 fs-lg-4\">...</div>\n    <div class=\"fs-cell fs-sm-3 fs-md-2 fs-lg-4\">...</div>\n  </div>\n</body>\n```\n\nThis will create 3 cells that each span 3 columns on 'small', 2 columns on 'medium' and 4 columns on 'large' screens. Think of the nested structure like a directory tree:\n\n```\ngrid\n├─ row\n|  ├─ cell\n|  |─ cell\n|  |  └─ row\n|  |     ├─ cell\n|  |     └─ cell\n|  └─ cell\n└─ row\n   ├─ cell\n   └─ cell\n```\n\n### Box-Sizing\n\nGrid relies on border-box and includes a global box-sizing reset:\n\n```css\n*,\n*:before,\n*:after {\n  box-sizing: border-box;\n}\n```\n\nThis will effect every element on the page and can have unexpected results. In the long run it will help speed development by modifying how padding and borders effect the box model calculations. [Learn more about border-box](http://www.paulirish.com/2012/box-sizing-border-box-ftw/).\n\n### Row Widths and Columns Counts\n\n| Name | Screen Size | Row Width | Column Count |\n| --- | --- | --- | --- |\n| `xs` | smaller than 500px | 300px | 3 |\n| `sm` | smaller than 740px | 480px | 3 |\n| `md` | 740px to 980px | 720px | 6 |\n| `lg` | 980px to 1220px | 960px | 12 |\n| `xl` | larger than 1220px | 1200px | 12 |\n\n### Row Helper Classes\n\nHelper classes can be added to rows to modify their default behavior in predictable ways.\n\n| Class | Description |\n| --- | --- |\n| `fs-[x]-reverse` | reverse order of cells |\n| `fs-[x]-justify-between` | even spacing between cells |\n| `fs-[x]-justify-around` | even spacing around cells |\n| `fs-[x]-justify-start` | align cells to start of row horizontally |\n| `fs-[x]-justify-center` | align cells to center of row horizontally |\n| `fs-[x]-justify-end` | align cells to end of row horizontally |\n| `fs-[x]-align-start` | align cells to top of row vertically |\n| `fs-[x]-align-center` | align cells to center of row vertically |\n| `fs-[x]-align-end` | align cells to bottom of row vertically |\n\n### Defining Cells\n\n| Class | Description |\n| --- | --- |\n| `fs-xs-[x]` | only extra small size |\n| `fs-sm-[x]` | both small and extra small sizes |\n| `fs-md-[x]` | medium size |\n| `fs-lg-[x]` | both large and extra large sizes |\n| `fs-xl-[x]` | only extra large size |\n| `fs-all-[x]` | all sizes |\n\nCells will default to filling the available horizontal space but can be defined by the target screen size and column count. For example `fs-sm-2` will produce a cell spanning 2 of the 3 available columns within the 'small' screen size range. Cell classes can be stacked to specify column spans across all screen sizes:\n\n```markup\n<div class=\"fs-cell fs-sm-3 fs-md-6 fs-lg-12\">...</div>\n```\n\nThe `fs-xl-[x]` and `fs-xs-[x]` classes adds level of control when targeting large and small screens. For example, a cell may need to span 2 columns at the small size, but span the full width at the extra small size:\n\n```markup\n<div class=\"fs-cell fs-xs-3 fs-sm-2 ...\">...</div>\n```\n\nThe `fs-all-[x]` classes will create a cell that spans the specified width on all screen sizes (only works with fraction cell counts):\n\n```markup\n<div class=\"fs-cell fs-all-third\">...</div>\n```\n\n### Fraction Cells\n\nThe fraction classes can be used in place of specific column counts:\n\n| Class | Description |\n| --- | --- |\n| `fs-[x]-full` | entire row width |\n| `fs-[x]-half` | 1/2 row width |\n| `fs-[x]-third` | 1/3 row width |\n| `fs-[x]-fourth` | 1/4 row width |\n| `fs-[x]-fifth` | 1/5 row width |\n\n### Cell Helper Classes\n\nHelper classes can be added to cells to modify their default behavior in predictable ways.\n\n| Class | Description |\n| --- | --- |\n| `fs-[x]-first` | Force cell to front of row. |\n| `fs-[x]-last` | Force cell to end of row. |\n| `fs-[x]-hide` | Hide cell at specific size. |\n| `fs-[x]-justify-start` | align cell to start of row horizontally |\n| `fs-[x]-justify-center` | align cell to center of row horizontally |\n| `fs-[x]-justify-end` | align cell to end of row horizontally |\n| `fs-[x]-align-start` | align cell to top of row vertically |\n| `fs-[x]-align-center` | align cell to center of row vertically |\n| `fs-[x]-align-end` | align cell to bottom of row vertically |\n| `fs-cell-padded` | Swaps cell margin for padding. Allows backgrounds to touch while maintaining gutters. |\n| `fs-cell-contained` | Removes cell margin. Allows backgrounds to touch by removing gutters. |\n\n### LESS Configuration\n\nGrid can also be configured and rebuilt using Gulp. Simply edit the variables found in `/src/grid/grid-config.less` before running the default `gulp` process.\n\n| Variable | Default | Description |\n| --- | --- | --- |\n| **Structure** | | |\n| `@fs-grid-class-container` | `fs-grid` | Container class |\n| `@fs-grid-class-row` | `fs-row` | Row class |\n| `@fs-grid-class-contained` | `fs-contained` | Contained helper class |\n| `@fs-grid-class-padded` | `fs-padded` | Padded helper class |\n| `@fs-grid-class-centered` | `fs-centered` | Centered helper class |\n| **Cells** | | |\n| `@fs-grid-class-all` | `fs-all` | All cell class |\n| `@fs-grid-class-xs` | `fs-xs` | Extra Small cell class |\n| `@fs-grid-class-sm` | `fs-sm` | Small cell class |\n| `@fs-grid-class-md` | `fs-md` | Medium cell class |\n| `@fs-grid-class-lg` | `fs-lg` | Large cell class |\n| `@fs-grid-class-xl` | `fs-xl` | Extra Large cell class |\n| **Columns** | | |\n| `@fs-grid-columns-sm` | `3` | Small column count |\n| `@fs-grid-columns-md` | `6` | Medium column count |\n| `@fs-grid-columns-lg` | `12` | Large column count |\n| **Gutters** | | |\n| `@fs-grid-gutter` | `1.0416666666666667%;` | Gutter width |\n| **Widths** | | |\n| `@fs-grid-width-xs` | `300px` | Extra Small row width |\n| `@fs-grid-width-sm` | `480px` | Small row width |\n| `@fs-grid-width-md` | `720px` | Medium row width |\n| `@fs-grid-width-lg` | `960px` | Large row width |\n| `@fs-grid-width-xl` | `1200px` | Extra Large row width |\n| **Breakpoints** | | |\n| `@fs-grid-width-break-xs` | `320px` | Extra Small break width |\n| `@fs-grid-width-break-sm` | `500px` | Small break width |\n| `@fs-grid-width-break-md` | `740px` | Medium break width |\n| `@fs-grid-width-break-lg` | `980px` | Large break width |\n| `@fs-grid-width-break-xl` | `1220px` | Extra Large break width |\n| **Media Queries - Max** | | |\n| `@fs-grid-mq-max-sm` | `499px` | Small max mq |\n| `@fs-grid-mq-max-md` | `739px` | Medium max mq |\n| `@fs-grid-mq-max-lg` | `979px` | Large max mq |\n| `@fs-grid-mq-max-xl` | `1219px` | Extra Large max mq |\n| **Media Queries - Min** | | |\n| `@fs-grid-mq-min-sm` | `500px` | Small min mq |\n| `@fs-grid-mq-min-md` | `740px` | Medium min mq |\n| `@fs-grid-mq-min-lg` | `980px` | Large min mq |\n| `@fs-grid-mq-min-xl` | `1220px` | Extra Large min mq |\n| **Mixin-Only Grid** | | |\n| `@fs-grid-mixin-only` | `false` | Disables generation of classes based grid |\n\n### LESS Extends & Mixins\n\nGrid can be compiled into CSS directly. This allows for a similar declarative approach, without adding classes to markup.\n\n| Name | Description |\n| --- | --- |\n| **Extends** | |\n| `.fs_grid_row` | Base row |\n| `.fs_grid_row_fluid` | Base fluid row |\n| `.fs_grid_row_fluid_sm` | Base fluid row (small only) |\n| `.fs_grid_row_adaptive` | Base adaptive row |\n| `.fs_grid_row_reverse` | Base reversed row |\n| `.fs_grid_row_justify_around` | Base justify around row |\n| `.fs_grid_row_justify_between` | Base justify between row |\n| `.fs_grid_row_justify_start` | Base justify start row |\n| `.fs_grid_row_justify_center` | Base justify center row |\n| `.fs_grid_row_justify_end` | Base justify end row |\n| `.fs_grid_row_align_start` | Base align start row |\n| `.fs_grid_row_align_center` | Base align center row |\n| `.fs_grid_row_align_end` | Base align end row |\n| `.fs_grid_row_row` | Base nested row |\n| `.fs_grid_row_row_contained` | Base nested row (parent cell is contained) |\n| `.fs_grid_row_destroy` | Base destroy row |\n| `.fs_grid_cell` | Base cell |\n| `.fs_grid_cell_padded` | Base padded cell |\n| `.fs_grid_cell_contained` | Base contained cell |\n| `.fs_grid_cell_justify_start` | Base justify start cell |\n| `.fs_grid_cell_justify_center` | Base justify center cell |\n| `.fs_grid_cell_justify_end` | Base justify end cell |\n| `.fs_grid_cell_align_start` | Base align start cell |\n| `.fs_grid_cell_align_center` | Base align center cell |\n| `.fs_grid_cell_align_end` | Base align end cell |\n| `.fs_grid_cell_first` | Base first cell |\n| `.fs_grid_cell_last` | Base last cell |\n| `.fs_grid_cell_destroy` | Base destroy cell |\n| **Mixins** | |\n| `.fs_row();` | Base row |\n| `.fs_row_fluid();` | Base row fluid |\n| `.fs_row_fluid_sm();` | Base fluid row (small only) |\n| `.fs_row_row();` | Base nested row |\n| `.fs_row_row_contained();` | Base nested row (parent cell is contained) |\n| `.fs_cell();` | Base cell |\n| `.fs_cell_padded();` | Base padded cell |\n| `.fs_cell_contained();` | Base contained cell |\n| `.fs_cell_xs(@count [, @total]);` | Extra Small cell; Pass @total to define fractions |\n| `.fs_cell_sm(@count [, @total]);` | Small cell; Pass @total to define fractions |\n| `.fs_cell_md(@count [, @total]);` | Medium cell; Pass @total to define fractions |\n| `.fs_cell_lg(@count [, @total]);` | Large cell; Pass @total to define fractions |\n| `.fs_cell_xl(@count [, @total]);` | Extra Large cell; Pass @total to define fractions |\n| `.fs_push_xs(@count [, @total]);` | Extra Small push; Pass @total to define fractions |\n| `.fs_push_sm(@count [, @total]);` | Small push; Pass @total to define fractions |\n| `.fs_push_md(@count [, @total]);` | Medium push; Pass @total to define fractions |\n| `.fs_push_lg(@count [, @total]);` | Large push; Pass @total to define fractions |\n| `.fs_push_xl(@count [, @total]);` | Extra Large push; Pass @total to define fractions |\n\n\n"}